mfname,href
Tata Small Cap Fund Dir Gr,https://trendlyne.com/mutual-fund/nav/137723/tata-small-cap-fund-direct-growth/
Quant Small Cap Dir Gr,https://trendlyne.com/mutual-fund/nav/6125/quant-small-cap-fund-growth-option-direct-plan/
Axis Small Cap Fund Dir Gr,https://trendlyne.com/mutual-fund/nav/17696/axis-small-cap-fund-direct-growth/
Nippon India Small Cap Dir Gr,https://trendlyne.com/mutual-fund/nav/10906/nippon-india-small-cap-fund-direct-plan-growth-plan/
HSBC Small Cap Fund Dir Gr,https://trendlyne.com/mutual-fund/nav/20566/hsbc-small-cap-fund-fund-direct-growth/
HDFC Small Cap Dir Gr,https://trendlyne.com/mutual-fund/nav/21601/hdfc-small-cap-fund-direct-growth-option/
Franklin India Smaller Comp Dir Gr,https://trendlyne.com/mutual-fund/nav/8298/franklin-india-smaller-companies-fund-direct-growth/
Mahindra Manulife Small Cap Dir Gr,https://trendlyne.com/mutual-fund/nav/1146982/mahindra-manulife-small-cap-fund-direct-growth/
ITI Small Cap Dir Gr,https://trendlyne.com/mutual-fund/nav/182450/iti-small-cap-fund-direct-growth/
Canara Robeco Small Cap Dir Gr,https://trendlyne.com/mutual-fund/nav/138299/canara-robeco-small-cap-fund-direct-growth/
Invesco India Smallcap Dir Gr,https://trendlyne.com/mutual-fund/nav/137666/invesco-india-smallcap-fund-direct-growth/
Bank of India Small Cap Dir Gr,https://trendlyne.com/mutual-fund/nav/138033/bank-of-india-small-cap-fund-direct-growth/
Edelweiss Small Cap Dir Gr,https://trendlyne.com/mutual-fund/nav/138341/edelweiss-small-cap-fund-direct-growth/
Union Small Cap Dir Gr,https://trendlyne.com/mutual-fund/nav/20920/union-small-cap-fund-direct-growth/
Bandhan Small Cap Dir Gr,https://trendlyne.com/mutual-fund/nav/189266/bandhan-small-cap-fund-direct-growth/
Kotak Small Cap Dir Gr,https://trendlyne.com/mutual-fund/nav/7995/kotak-small-cap-direct-growth/
SBI Small Cap Fund Dir Gr,https://trendlyne.com/mutual-fund/nav/17803/sbi-small-cap-fund-direct-plan-growth/
DSP Small Cap Dir Gr,https://trendlyne.com/mutual-fund/nav/8803/dsp-small-cap-fund-direct-plan-growth/
ICICI Pru Smallcap Dir Gr,https://trendlyne.com/mutual-fund/nav/9129/icici-prudential-smallcap-fund-direct-plan-growth/
LIC MF Small Cap Fund Dir Gr,https://trendlyne.com/mutual-fund/nav/134856/lic-mf-small-cap-fund-direct-growth/
UTI Small Cap Dir Gr,https://trendlyne.com/mutual-fund/nav/356902/uti-small-cap-fund-direct-growth/
Quantum Small Cap Dir Gr,https://trendlyne.com/mutual-fund/nav/1754074/quantum-small-cap-fund-direct-growth/
Sundaram Small Cap Dir Gr,https://trendlyne.com/mutual-fund/nav/7993/sundaram-small-cap-fund-direct-plan-growth-option/
Baroda BNP Paribas Small Cap Dir Gr,https://trendlyne.com/mutual-fund/nav/1739569/baroda-bnp-paribas-small-cap-fund-direct-growth/
PGIM India Small Cap Dir Gr,https://trendlyne.com/mutual-fund/nav/581901/pgim-india-small-cap-fund-direct-growth/
Aditya BSL Small Cap Dir Gr,https://trendlyne.com/mutual-fund/nav/8759/aditya-birla-sun-life-small-cap-fund-direct-plan-growth/
Motilal Oswal Small Cap Dir Gr,https://trendlyne.com/mutual-fund/nav/1812982/motilal-oswal-small-cap-fund-direct-growth/
Sundaram LT Mic capTax Ad Sr VI Dir Gr,https://trendlyne.com/mutual-fund/nav/134915/sundaram-long-term-micro-cap-tax-advantage-fund-series-vi-direct-growth/
